{"schemaVersion":"1.0","appDefinitionTemplate":{"id":"/providers/Microsoft.PowerApps/apps/","type":"Microsoft.PowerApps/apps","tags":{"primaryDeviceWidth":"1366","primaryDeviceHeight":"768","sienaVersion":"20230118T151345Z-3.22122.15.0","deviceCapabilities":"","supportsPortrait":"true","supportsLandscape":"true","primaryFormFactor":"Tablet","publisherVersion":"3.22122.15","minimumRequiredApiVersion":"2.2.0","hasComponent":"false","hasUnlockedComponent":"false","isUnifiedRootApp":"false"},"properties":{"appVersion":"2023-01-18T15:13:45Z","lifeCycleId":"Published","createdByClientVersion":{"major":3,"minor":22122,"build":15,"revision":0,"majorRevision":0,"minorRevision":0},"minClientVersion":{"major":3,"minor":22122,"build":15,"revision":0,"majorRevision":0,"minorRevision":0},"backgroundColor":"RGBA(0,176,240,1)","backgroundImageUri":"/5190062474934458171/N6180d90a-437b-45a4-b173-6897f9d68b3c-logoSmallFile","displayName":"Requirements Development","description":"","commitMessage":"","appUris":{"documentUri":{"value":"/5190062474934458171/Nd4d51b3c-925c-43c9-9509-6cc096a87ccc-document.msapp"},"imageUris":[],"additionalUris":[]},"createdTime":"0001-01-01T00:00:00Z","lastModifiedTime":"0001-01-01T00:00:00Z","sharedGroupsCount":0,"sharedUsersCount":0,"icons":{"smallIconUri":"/5190062474934458171/N520f224b-396a-4c17-b064-064b98e3a6cf-small.png","mediumIconUri":"/5190062474934458171/N03cf2b45-69d7-4c17-9db8-d406914a8a34-medium.png","largeIconUri":"/5190062474934458171/Nb49780f2-8950-44d5-8c09-58eb36b05e0c-large.png","wideIconUri":"/5190062474934458171/Nc5bd6ca5-6520-437b-807c-e01590e0a4f7-wide.png"},"connectionReferences":{"afc77a19-8ac0-4ba2-b624-feb7eb64db2c":{"id":"a8e73856-c1e2-4fd1-bf30-531c6aa969ad","displayName":"Office 365 Outlook","iconUri":"https://connectoricons-prod.azureedge.net/releases/v1.0.1613/1.0.1613.3125/office365/icon.png","dataSources":["Office365Outlook"],"dependencies":[],"dependents":[],"parameterHints":{},"parameterHintsV2":{},"isOnPremiseConnection":false,"bypassConsent":false,"dataSets":{},"apiTier":"Standard","isCustomApiConnection":false},"cfa8e6c1-b23a-4e1f-a1f7-39dc9894f8c0":{"id":"6bd5d26d-a30d-4673-a9a7-1185d25ae6e1","displayName":"SharePoint","iconUri":"https://connectoricons-prod.azureedge.net/u/juanq/gateway/greyhound/3000.150.11/1.0.1613.3116/sharepointonline/icon.png","dataSources":["Requirements Development Tool","Generated Forms"],"dependencies":[],"dependents":[],"parameterHints":{},"parameterHintsV2":{},"isOnPremiseConnection":false,"bypassConsent":false,"dataSets":{"https://gritterfrancona.sharepoint.com/sites/SPTable":{"dataSources":{"Requirements Development Tool":{"tableName":"3bfb7e75-1c9e-486e-a6eb-25e2e2db9e07"},"Generated Forms":{"tableName":"cd8969d2-9fb7-4a27-bd91-1abe81265574"}}}},"apiTier":"Standard","isCustomApiConnection":false,"actions":["providers/PowerPlatform.Governance/Operations/Read"]},"e0e17f5c-1715-4eed-adf4-cb84475aeae4":{"id":"98afa734-c1f4-46c1-87ed-008c51519c2f","displayName":"Office 365 Users","iconUri":"https://connectoricons-prod.azureedge.net/releases/v1.0.1611/1.0.1611.3104/office365users/icon.png","dataSources":["Office365Users"],"dependencies":[],"dependents":[],"parameterHints":{},"parameterHintsV2":{},"isOnPremiseConnection":false,"bypassConsent":false,"dataSets":{},"apiTier":"Standard","isCustomApiConnection":false},"ede4d599-2a7c-4632-9ca4-02ad5369e698":{"id":"4bed396b-97b1-48c6-852f-b31128852a15","displayName":"Excel Online (Business)","iconUri":"https://connectoricons-prod.azureedge.net/releases/v1.0.1600/1.0.1600.3026/excelonlinebusiness/icon.png","dataSources":["Table1"],"dependencies":[],"dependents":["94f2e4fa-37cf-4d48-9856-dfd587254747"],"parameterHints":{},"parameterHintsV2":{},"isOnPremiseConnection":false,"bypassConsent":false,"dataSets":{"me,b%2521Lu1_NESK0kyj1kJ4udm96ZGYE97wWzBFtRmxQl2VcI3prthmcvKBT6Ave9JVA-Dg,01MRCJLBPSOWXV2CNHWJAZ7EOATMUEG7QN":{"dataSources":{"Table1":{"tableName":"{BF1C3D9A-AAD4-4A04-A47E-15769AC5CB70}"}}}},"apiTier":"Standard","isCustomApiConnection":false,"actions":["providers/PowerPlatform.Governance/Operations/Read"]},"7c829596-0b5c-4400-ad48-29a90a912b96":{"id":"9f8898bc-56ae-430d-a6be-7064200d7076","displayName":"Logic flows","iconUri":"https://connectoricons-prod.azureedge.net/releases/v1.0.1534/1.0.1534.2605/logicflows/icon.png","dataSources":["ExporttoExcel"],"dependencies":["407794aa-96b2-46f1-b629-7ae2e0706380"],"dependents":[],"parameterHints":{"workflowName":{"value":"7c8e7130-8d0b-4cea-b44b-45b04739738d"},"workflowEntityId":{},"407794aa-96b2-46f1-b629-7ae2e0706380":{"value":"shared_onedriveforbusiness"}},"parameterHintsV2":{"workflowName":{"value":"7c8e7130-8d0b-4cea-b44b-45b04739738d"},"workflowEntityId":{},"shared_onedriveforbusiness":{"value":"407794aa-96b2-46f1-b629-7ae2e0706380"}},"isOnPremiseConnection":false,"bypassConsent":false,"dataSets":{},"apiTier":"Standard","isCustomApiConnection":false,"actions":["Run"],"nestedActions":[{"id":"/providers/Microsoft.PowerApps/apis/shared_onedriveforbusiness/apiOperations/CreateFile","apiName":"OneDrive for Business","actionName":"CreateFile","referencedResources":[]},{"id":"/providers/Microsoft.PowerApps/apis/shared_onedriveforbusiness/apiOperations/CreateShareLinkByPathV2","apiName":"OneDrive for Business","actionName":"CreateShareLinkByPathV2","referencedResources":[]}]},"407794aa-96b2-46f1-b629-7ae2e0706380":{"id":"17890787-8230-41eb-ac7b-2eff23c984a8","displayName":"OneDrive for Business","iconUri":"https://connectoricons-prod.azureedge.net/releases/v1.0.1546/1.0.1546.2665/onedriveforbusiness/icon.png","dataSources":[],"dependencies":[],"dependents":["7c829596-0b5c-4400-ad48-29a90a912b96","94f2e4fa-37cf-4d48-9856-dfd587254747"],"parameterHints":{},"parameterHintsV2":{},"isOnPremiseConnection":false,"bypassConsent":false,"dataSets":{},"apiTier":"Standard","isCustomApiConnection":false},"94f2e4fa-37cf-4d48-9856-dfd587254747":{"id":"9f8898bc-56ae-430d-a6be-7064200d7076","displayName":"Logic flows","iconUri":"https://connectoricons-prod.azureedge.net/releases/v1.0.1534/1.0.1534.2605/logicflows/icon.png","dataSources":["ExcelExportTemplate"],"dependencies":["407794aa-96b2-46f1-b629-7ae2e0706380","ede4d599-2a7c-4632-9ca4-02ad5369e698"],"dependents":[],"parameterHints":{"workflowName":{"value":"3d87b483-a409-4307-846c-743d31105f0c"},"workflowEntityId":{},"407794aa-96b2-46f1-b629-7ae2e0706380":{"value":"shared_onedriveforbusiness"},"ede4d599-2a7c-4632-9ca4-02ad5369e698":{"value":"shared_excelonlinebusiness"}},"parameterHintsV2":{"workflowName":{"value":"3d87b483-a409-4307-846c-743d31105f0c"},"workflowEntityId":{},"shared_onedriveforbusiness":{"value":"407794aa-96b2-46f1-b629-7ae2e0706380"},"shared_excelonlinebusiness":{"value":"ede4d599-2a7c-4632-9ca4-02ad5369e698"}},"isOnPremiseConnection":false,"bypassConsent":false,"dataSets":{},"apiTier":"Standard","isCustomApiConnection":false,"actions":["Run"],"nestedActions":[{"id":"/providers/Microsoft.PowerApps/apis/shared_onedriveforbusiness/apiOperations/CreateShareLinkByPathV2","apiName":"OneDrive for Business","actionName":"CreateShareLinkByPathV2","referencedResources":[]},{"id":"/providers/Microsoft.PowerApps/apis/shared_excelonlinebusiness/apiOperations/AddRowV2","apiName":"Excel Online (Business)","actionName":"AddRowV2","referencedResources":[]}]}},"databaseReferences":{},"almMode":"Environment","performanceOptimizationEnabled":true,"canConsumeAppPass":true,"enableModernRuntimeMode":false,"executionRestrictions":{"isTeamsOnly":false,"dataLossPreventionEvaluationResult":{"status":"Compliant","lastEvaluationDate":"2023-01-18T15:14:06.1034021Z","violations":[],"violationsByPolicy":[],"violationErrorMessage":"The app uses the following connectors: shared_office365, shared_sharepointonline, shared_office365users, shared_excelonlinebusiness, shared_logicflows, shared_onedriveforbusiness."},"httpActionRestriction":{"appUsesSharepointHttpAction":false,"enforcementStrategy":"Legacy","evaluationTime":"2023-01-18T15:14:06.1033149Z"}}},"appType":"ClassicCanvasApp","appComponents":[]}}