<ImportExportXml xmlns:xsi="http://www.w3.org/2001/XMLSchema-instance">
  <Entities></Entities>
  <Roles></Roles>
  <Workflows></Workflows>
  <FieldSecurityProfiles></FieldSecurityProfiles>
  <Templates />
  <EntityMaps />
  <EntityRelationships />
  <OrganizationSettings />
  <optionsets />
  <CustomControls />
  <EntityDataProviders />
  <CanvasApps>
    <CanvasApp>
      <Name>rdm_requirementsdevelopmentdataverse_00a62</Name>
      <AppVersion>2023-01-23T18:16:14Z</AppVersion>
      <Status>Ready</Status>
      <CreatedByClientVersion>3.22122.15.0</CreatedByClientVersion>
      <MinClientVersion>3.22122.15.0</MinClientVersion>
      <Tags>{"primaryDeviceWidth":"1366","primaryDeviceHeight":"768","sienaVersion":"20230123T175544Z-3.22122.15.0","deviceCapabilities":"","supportsPortrait":"true","supportsLandscape":"true","primaryFormFactor":"Tablet","publisherVersion":"3.22122.15","minimumRequiredApiVersion":"2.2.0","hasComponent":"false","hasUnlockedComponent":"false","isUnifiedRootApp":"false"}</Tags>
      <IsCdsUpgraded>0</IsCdsUpgraded>
      <GalleryItemId xsi:nil="true"></GalleryItemId>
      <BackgroundColor>RGBA(0,176,240,1)</BackgroundColor>
      <DisplayName>Requirements Development Dataverse</DisplayName>
      <Description xsi:nil="true"></Description>
      <CommitMessage xsi:nil="true"></CommitMessage>
      <Publisher xsi:nil="true"></Publisher>
      <AuthorizationReferences>[]</AuthorizationReferences>
      <ConnectionReferences>{"afc77a19-8ac0-4ba2-b624-feb7eb64db2c":{"id":"/providers/microsoft.powerapps/apis/shared_office365","displayName":"Office 365 Outlook","iconUri":"https://connectoricons-prod.azureedge.net/releases/v1.0.1613/1.0.1613.3125/office365/icon.png","dataSources":["Office365Outlook"],"dependencies":[],"dependents":[],"parameterHints":{},"parameterHintsV2":{},"isOnPremiseConnection":false,"bypassConsent":false,"dataSets":{},"apiTier":"Standard"},"cfa8e6c1-b23a-4e1f-a1f7-39dc9894f8c0":{"id":"/providers/microsoft.powerapps/apis/shared_sharepointonline","displayName":"SharePoint","iconUri":"https://connectoricons-prod.azureedge.net/u/juanq/gateway/greyhound/3000.150.11/1.0.1613.3116/sharepointonline/icon.png","dataSources":["Generated Forms"],"dependencies":[],"dependents":[],"parameterHints":{},"parameterHintsV2":{},"isOnPremiseConnection":false,"bypassConsent":false,"dataSets":{"https://gritterfrancona.sharepoint.com/sites/SPTable":{"dataSources":{"Generated Forms":{"tableName":"cd8969d2-9fb7-4a27-bd91-1abe81265574"}}}},"apiTier":"Standard","actions":["providers/PowerPlatform.Governance/Operations/Read"]},"e0e17f5c-1715-4eed-adf4-cb84475aeae4":{"id":"/providers/microsoft.powerapps/apis/shared_office365users","displayName":"Office 365 Users","iconUri":"https://connectoricons-prod.azureedge.net/releases/v1.0.1611/1.0.1611.3104/office365users/icon.png","dataSources":["Office365Users"],"dependencies":[],"dependents":[],"parameterHints":{},"parameterHintsV2":{},"isOnPremiseConnection":false,"bypassConsent":false,"dataSets":{},"apiTier":"Standard"},"ede4d599-2a7c-4632-9ca4-02ad5369e698":{"id":"/providers/microsoft.powerapps/apis/shared_excelonlinebusiness","displayName":"Excel Online (Business)","iconUri":"https://connectoricons-prod.azureedge.net/releases/v1.0.1600/1.0.1600.3026/excelonlinebusiness/icon.png","dataSources":["Table1"],"dependencies":[],"dependents":["94f2e4fa-37cf-4d48-9856-dfd587254747"],"parameterHints":{},"parameterHintsV2":{},"isOnPremiseConnection":false,"bypassConsent":false,"dataSets":{"me,b%2521Lu1_NESK0kyj1kJ4udm96ZGYE97wWzBFtRmxQl2VcI3prthmcvKBT6Ave9JVA-Dg,01MRCJLBPSOWXV2CNHWJAZ7EOATMUEG7QN":{"dataSources":{"Table1":{"tableName":"{BF1C3D9A-AAD4-4A04-A47E-15769AC5CB70}"}}}},"apiTier":"Standard","actions":["providers/PowerPlatform.Governance/Operations/Read"]},"7c829596-0b5c-4400-ad48-29a90a912b96":{"id":"/providers/microsoft.powerapps/apis/shared_logicflows","displayName":"Logic flows","iconUri":"https://connectoricons-prod.azureedge.net/releases/v1.0.1534/1.0.1534.2605/logicflows/icon.png","dataSources":["ExporttoExcel"],"dependencies":["407794aa-96b2-46f1-b629-7ae2e0706380"],"dependents":[],"parameterHints":{"workflowName":{"value":"2cbfc52d-d62f-440e-8c3f-3771f8982697"},"workflowEntityId":{},"407794aa-96b2-46f1-b629-7ae2e0706380":{"value":"shared_onedriveforbusiness"}},"parameterHintsV2":{"workflowName":{"value":"2cbfc52d-d62f-440e-8c3f-3771f8982697"},"workflowEntityId":{},"shared_onedriveforbusiness":{"value":"407794aa-96b2-46f1-b629-7ae2e0706380"}},"isOnPremiseConnection":false,"bypassConsent":false,"dataSets":{},"apiTier":"Standard","actions":["Run"]},"407794aa-96b2-46f1-b629-7ae2e0706380":{"id":"/providers/microsoft.powerapps/apis/shared_onedriveforbusiness","displayName":"OneDrive for Business","iconUri":"https://connectoricons-prod.azureedge.net/releases/v1.0.1546/1.0.1546.2665/onedriveforbusiness/icon.png","dataSources":[],"dependencies":[],"dependents":["7c829596-0b5c-4400-ad48-29a90a912b96","94f2e4fa-37cf-4d48-9856-dfd587254747"],"parameterHints":{},"parameterHintsV2":{},"isOnPremiseConnection":false,"bypassConsent":false,"dataSets":{},"apiTier":"Standard"},"94f2e4fa-37cf-4d48-9856-dfd587254747":{"id":"/providers/microsoft.powerapps/apis/shared_logicflows","displayName":"Logic flows","iconUri":"https://connectoricons-prod.azureedge.net/releases/v1.0.1534/1.0.1534.2605/logicflows/icon.png","dataSources":["ExcelExportTemplate"],"dependencies":["407794aa-96b2-46f1-b629-7ae2e0706380","ede4d599-2a7c-4632-9ca4-02ad5369e698"],"dependents":[],"parameterHints":{"workflowName":{"value":"4d80a739-ba82-4387-b52f-c20fbb7daabf"},"workflowEntityId":{},"407794aa-96b2-46f1-b629-7ae2e0706380":{"value":"shared_onedriveforbusiness"},"ede4d599-2a7c-4632-9ca4-02ad5369e698":{"value":"shared_excelonlinebusiness"}},"parameterHintsV2":{"workflowName":{"value":"4d80a739-ba82-4387-b52f-c20fbb7daabf"},"workflowEntityId":{},"shared_onedriveforbusiness":{"value":"407794aa-96b2-46f1-b629-7ae2e0706380"},"shared_excelonlinebusiness":{"value":"ede4d599-2a7c-4632-9ca4-02ad5369e698"}},"isOnPremiseConnection":false,"bypassConsent":false,"dataSets":{},"apiTier":"Standard"}}</ConnectionReferences>
      <DatabaseReferences>{"default.cds":{"databaseDetails":{"referenceType":"Environmental","environmentName":"default.cds","overrideValues":{"status":"NotSpecified"}},"dataSources":{"RequirementsDevelopmentTables":{"entitySetName":"cr100_requirementsdevelopmenttables","logicalName":"cr100_requirementsdevelopmenttable"},"Users":{"entitySetName":"systemusers","logicalName":"systemuser"}}}}</DatabaseReferences>
      <AppComponents>[]</AppComponents>
      <AppComponentDependencies>[]</AppComponentDependencies>
      <CanConsumeAppPass>1</CanConsumeAppPass>
      <CanvasAppType>0</CanvasAppType>
      <BypassConsent>0</BypassConsent>
      <AdminControlBypassConsent>0</AdminControlBypassConsent>
      <EmbeddedApp xsi:nil="true"></EmbeddedApp>
      <IntroducedVersion>1.0</IntroducedVersion>
      <CdsDependencies>{"cdsdependencies":[{"logicalname":"cr100_requirementsdevelopmenttable","componenttype":1},{"logicalname":"systemuser","componenttype":1}]}</CdsDependencies>
      <IsCustomizable>1</IsCustomizable>
      <BackgroundImageUri>/CanvasApps/rdm_requirementsdevelopmentdataverse_00a62_BackgroundImageUri</BackgroundImageUri>
      <DocumentUri>/CanvasApps/rdm_requirementsdevelopmentdataverse_00a62_DocumentUri.msapp</DocumentUri>
    </CanvasApp>
  </CanvasApps>
  <Languages>
    <Language>1033</Language>
  </Languages>
</ImportExportXml>