{"schemaVersion":"1.0","appDefinitionTemplate":{"id":"/providers/Microsoft.PowerApps/apps/","type":"Microsoft.PowerApps/apps","tags":{"primaryDeviceWidth":"1366","primaryDeviceHeight":"768","supportsPortrait":"false","supportsLandscape":"true","primaryFormFactor":"Tablet","publisherVersion":"3.22114.18","minimumRequiredApiVersion":"2.2.0","hasComponent":"false","hasUnlockedComponent":"false","isUnifiedRootApp":"false","sienaVersion":"20221219T154104Z-3.22114.18.0"},"properties":{"appVersion":"2022-12-19T15:41:04Z","lifeCycleId":"Published","createdByClientVersion":{"major":3,"minor":22114,"build":18,"revision":0,"majorRevision":0,"minorRevision":0},"minClientVersion":{"major":3,"minor":22114,"build":18,"revision":0,"majorRevision":0,"minorRevision":0},"backgroundColor":"RGBA(0,176,240,1)","backgroundImageUri":"/8987279585896696479/N337184d6-e062-42fa-badf-1c0463bee832-logoSmallFile","displayName":"Out of Office_1917 - copy","description":"Set your out-of-office message and date ranges, and optionally clear your calendar for the duration of your absence.","commitMessage":"","appUris":{"documentUri":{"value":"/8987279585896696479/N9a8dda7d-6cc9-4868-974b-3f7564fe84c7-document.msapp"},"imageUris":[],"additionalUris":[]},"createdTime":"0001-01-01T00:00:00Z","lastModifiedTime":"0001-01-01T00:00:00Z","sharedGroupsCount":0,"sharedUsersCount":0,"icons":{"smallIconUri":"/8987279585896696479/N66d855d5-f5cb-4880-9191-5ad834b79de6-small.png","mediumIconUri":"/8987279585896696479/N4a638eb8-46ec-4eca-9cf8-fe55a142e1a8-medium.png","largeIconUri":"/8987279585896696479/N1c74d69d-1b21-4286-896d-a22ebc6aa558-large.png","wideIconUri":"/8987279585896696479/N291879b4-5263-48e0-b156-3de16553fcda-wide.png"},"connectionReferences":{"459cd851-78e0-f8f3-e617-061f21d71d7a":{"id":"582b09e5-201a-431d-b774-574f06285a9b","displayName":"Office 365 Outlook","iconUri":"https://connectoricons-prod.azureedge.net/releases/v1.0.1611/1.0.1611.3104/office365/icon.png","dataSources":["Office365"],"dependencies":[],"dependents":[],"parameterHints":{},"parameterHintsV2":{},"isOnPremiseConnection":false,"dataSets":{},"apiTier":"Standard","isCustomApiConnection":false,"actions":["CalendarGetTables","GetEventsCalendarViewV2","SetAutomaticRepliesSetting","V2CalendarPostItem","V2CalendarPatchItem","CalendarDeleteItem"]},"964958bd-c6ac-43f7-adc9-5f432a9fe379":{"id":"a8ce6919-b225-4221-988a-8bbd95815b4c","displayName":"Office 365 Users","iconUri":"https://connectoricons-prod.azureedge.net/releases/v1.0.1611/1.0.1611.3104/office365users/icon.png","dataSources":["Office365Users"],"dependencies":[],"dependents":[],"parameterHints":{},"parameterHintsV2":{},"isOnPremiseConnection":false,"dataSets":{},"apiTier":"Standard","isCustomApiConnection":false,"actions":["MyProfile","RelevantPeople","SearchUser"]}},"databaseReferences":{},"almMode":"Environment","performanceOptimizationEnabled":true,"canConsumeAppPass":true,"enableModernRuntimeMode":false,"executionRestrictions":{"isTeamsOnly":false,"dataLossPreventionEvaluationResult":{"status":"Compliant","lastEvaluationDate":"2022-12-19T15:41:06.7121485Z","violations":[],"violationsByPolicy":[],"violationErrorMessage":"The app uses the following connectors: shared_office365, shared_office365users."}}},"appType":"ClassicCanvasApp","appComponents":[]}}