{"name":"9f67eeb4-56d4-4694-af3b-3b37f5a3637d","id":"/providers/Microsoft.Flow/flows/9f67eeb4-56d4-4694-af3b-3b37f5a3637d","type":"Microsoft.Flow/flows","properties":{"apiId":"/providers/Microsoft.PowerApps/apis/shared_logicflows","displayName":"Excel Export Template","definition":{"metadata":{"workflowEntityId":null,"processAdvisorMetadata":null,"flowclientsuspensionreason":"None","flowclientsuspensiontime":null,"flowclientsuspensionreasondetails":null,"creator":{"id":"522a9db5-2f47-4d2f-bc16-e37acfeeaa5c","type":"User","tenantId":"c8953d7a-2274-428d-8cdc-ca152c4f6f86"},"provisioningMethod":"FromDefinition","failureAlertSubscription":true,"clientLastModifiedTime":"2022-08-05T14:49:27.5800607Z"},"$schema":"https://schema.management.azure.com/providers/Microsoft.Logic/schemas/2016-06-01/workflowdefinition.json#","contentVersion":"1.0.0.0","parameters":{"$connections":{"defaultValue":{},"type":"Object"},"$authentication":{"defaultValue":{},"type":"SecureObject"}},"triggers":{"manual":{"metadata":{"operationMetadataId":"1929008b-2abd-43ce-91c2-82a9bf65492f"},"type":"Request","kind":"PowerApp","inputs":{"schema":{"type":"object","properties":{"Compose_Inputs":{"type":"any","description":"Inputs","x-ms-powerflows-param-ispartial":false},"Createfile2_FileName":{"type":"string","description":"The name of the file. Certain characters are disallowed by OneDrive and will be replaced by underscores.. This parameter is used as part of \"38A29E01-1AC1-4C44-A366-3AE56E8CE816\"","x-ms-powerflows-param-ispartial":true}},"required":["Compose_Inputs","Createfile2_FileName"]}}}},"actions":{"Compose":{"runAfter":{},"metadata":{"operationMetadataId":"3fb0d152-0b18-42c9-83b2-2eb1d9b4a166"},"type":"Compose","inputs":"@triggerBody()['Compose_Inputs']"},"Parse_JSON":{"runAfter":{"Compose":["Succeeded"]},"metadata":{"operationMetadataId":"3dfed46d-d7a6-465d-908d-a7afda1188e2"},"type":"ParseJson","inputs":{"content":"@outputs('Compose')","schema":{"type":"array","items":{"type":"object","properties":{"BusinessRequirement":{"type":"string"},"BusinessRequirementName":{"type":"string"},"Created":{"type":"string"},"DetailedExplanation":{"type":"string"},"ID":{"type":"integer"},"Modified":{"type":"string"},"Priority":{"type":"string"},"requirementLevel":{"type":"integer"},"AcceptanceCriteria":{"type":"string"}},"required":["BusinessRequirement","BusinessRequirementName","Created","ID","Modified","Priority","requirementLevel"]}}}},"Create_CSV_table":{"runAfter":{"Parse_JSON":["Succeeded"]},"metadata":{"operationMetadataId":"98403d7e-b377-43fe-9a3a-7cf7c68dd69d"},"type":"Table","inputs":{"from":"@body('Parse_JSON')","format":"CSV","columns":[{"header":"BusinessRequirementName","value":"@item()['BusinessRequirementName']"},{"header":"BusinessRequirement","value":"@item()['BusinessRequirement']"},{"header":"LVL1","value":""},{"header":"lvl2","value":""},{"header":"qa","value":""},{"header":"AcceptanceCriteria","value":"@item()?['AcceptanceCriteria']"},{"header":"DetailedExplanation","value":"@item()?['DetailedExplanation']"},{"header":"RequirementLevel","value":"@item()['requirementLevel']"},{"header":"Priority","value":"@item()['Priority']"},{"header":"Created","value":"@item()['Created']"}]}},"Current_time":{"runAfter":{"Create_CSV_table":["Succeeded"]},"metadata":{"operationMetadataId":"eefc83ec-516b-40e5-b8f4-77e03efabefc"},"type":"Expression","kind":"CurrentTime","inputs":{}},"Respond_to_a_PowerApp_or_flow":{"runAfter":{"Create_share_link_by_path":["Succeeded"]},"metadata":{"operationMetadataId":"764d4545-8ae4-4848-b518-c1fb3c30f2e6"},"type":"Response","kind":"PowerApp","inputs":{"statusCode":200,"body":{"launchfile":"@outputs('Create_share_link_by_path')?['body/WebUrl']"},"schema":{"type":"object","properties":{"launchfile":{"title":"launchFile","x-ms-dynamically-added":true,"type":"string"}}}}},"Create_share_link_by_path":{"runAfter":{"Apply_to_each":["Succeeded"]},"metadata":{"operationMetadataId":"3b6a3ba8-00b7-400d-a440-71198d0d1334"},"type":"OpenApiConnection","inputs":{"host":{"apiId":"/providers/Microsoft.PowerApps/apis/shared_onedriveforbusiness","connectionName":"shared_onedriveforbusiness","operationId":"CreateShareLinkByPathV2"},"parameters":{"path":"/QA Template.xlsx","type":"View","scope":"Anonymous"},"authentication":{"value":"@json(decodeBase64(triggerOutputs().headers['X-MS-APIM-Tokens']))['$ConnectionKey']","type":"Raw"}}},"Apply_to_each":{"foreach":"@body('Parse_JSON')","actions":{"Add_a_row_into_a_table":{"runAfter":{},"metadata":{"01MRCJLBNQCWFGPP7RE5CZIIFJVZWO2JAL":"/QA Template.xlsx","operationMetadataId":"1a7d3a3c-e6a2-4d67-89b0-b94b2a046bc9","tableId":"{23D1CEBA-1EFA-4F98-AB0D-027031BED778}"},"type":"OpenApiConnection","inputs":{"host":{"apiId":"/providers/Microsoft.PowerApps/apis/shared_excelonlinebusiness","connectionName":"shared_excelonlinebusiness","operationId":"AddRowV2"},"parameters":{"source":"me","drive":"b!Lu1_NESK0kyj1kJ4udm96ZGYE97wWzBFtRmxQl2VcI3prthmcvKBT6Ave9JVA-Dg","file":"01MRCJLBNQCWFGPP7RE5CZIIFJVZWO2JAL","table":"{23D1CEBA-1EFA-4F98-AB0D-027031BED778}","item/Business Requirement Name":"@items('Apply_to_each')['BusinessRequirementName']","item/Business Requirement":"@items('Apply_to_each')['BusinessRequirement']","item/AcceptanceCriteria":"@items('Apply_to_each')?['AcceptanceCriteria']","item/DetailedExplanation":"@items('Apply_to_each')?['DetailedExplanation']","item/Requirement Level":"@items('Apply_to_each')['requirementLevel']"},"authentication":{"value":"@json(decodeBase64(triggerOutputs().headers['X-MS-APIM-Tokens']))['$ConnectionKey']","type":"Raw"}}}},"runAfter":{"Current_time":["Succeeded"]},"metadata":{"operationMetadataId":"0cdaba5d-62e2-416a-945c-8b576417a398"},"type":"Foreach"}}},"connectionReferences":{"shared_onedriveforbusiness":{"connectionName":"shared-onedriveforbu-db2ced8b-ee06-470f-aa51-e32a6ff9fafb","source":"Invoker","id":"/providers/Microsoft.PowerApps/apis/shared_onedriveforbusiness","tier":"NotSpecified"},"shared_excelonlinebusiness":{"connectionName":"shared-excelonlinebu-044daf38-aaa2-47f5-8ff9-c87be97bd9d1","source":"Invoker","id":"/providers/Microsoft.PowerApps/apis/shared_excelonlinebusiness","tier":"NotSpecified"}},"flowFailureAlertSubscribed":false,"isManaged":false}}